category,total_revenue,total_items_sold
health_beauty,1258681.3399999682,9670
watches_gifts,1205005.6799999995,5991
bed_bath_table,1036988.6800000712,11115
sports_leisure,988048.9700000401,8641
computers_accessories,911954.3200000388,7827
furniture_decor,729762.4900000411,8334
cool_stuff,635290.8500000009,3796
housewares,632248.6600000213,6964
auto,592720.1100000107,4235
garden_tools,485256.46000001475,4347
